{
  "display": {
    "icon": {
      "id": "minecraft:player_head",
      "components": {
        "minecraft:profile": {
          "name": "ThijquintNL",
          "id": [
            -1380144970,
            -1751170418,
            -2127199053,
            496294728
          ],
          "properties": [
            {
              "name": "textures",
              "value": "eyJ0ZXh0dXJlcyI6eyJTS0lOIjp7InVybCI6Imh0dHA6Ly90ZXh0dXJlcy5taW5lY3JhZnQubmV0L3RleHR1cmUvYTk4ZDQwODQxNGQ0OWU0OTYxODJhMGFjYjFjOWFjM2ZjMDg1Yzk0NjYzMjE3MTVhYjBiNTBlYTI1ODcwM2E3MyJ9fX0="
            }
          ]
        }
      }
    },
    "title": "Thij's data packs",
    "description": "All of my data packs",
    "background": "minecraft:textures/block/green_concrete.png",
    "frame": "task",
    "show_toast": true,
    "announce_to_chat": false
  },
  "criteria": {
    "tick": {
      "trigger": "minecraft:tick"
    }
  }
}
